{
  "image": "00035-color.png",
  "intrinsics": {
    "fx": 469.15,
    "fy": 469.15,
    "cx": 319.5,
    "cy": 239.5
  },
  "distortion": {
    "k1": 0.0,
    "k2": 0.0,
    "k3": 0.0,
    "p1": 0.0,
    "p2": 0.0
  },
  "type": "c2w",
  "t": [-0.418721, 0.476613, -0.701824],
  "q": [0.27383, 0.217488, -0.075729, 0.933799],
  "quat_order": "xyzw"
}
